amount,time,anomaly
54.96714153011233,569.9677718293001,0
48.61735698828815,546.2316841456384,0
56.47688538100692,502.98151849600873,0
65.23029856408026,467.6531611147213,0
47.658466252766644,534.9111656806795,0
47.6586304305082,519.6742692710875,0
65.79212815507391,544.7596610013866,0
57.67434729152909,531.7585900840985,0
45.30525614065048,552.4776357659667,0
55.42560043585965,473.2382394219716,0
45.365823071875376,565.8697032817163,0
45.34270246429743,509.87998023462,0
52.41962271566034,603.7630436312633,0
30.86719755342202,465.54060909552163,0
32.75082167486967,586.7981901582625,0
44.37712470759027,509.89553917313236,0
39.87168879665576,467.42909981927755,0
53.142473325952736,475.8057082972839,0
40.91975924478789,483.98263459028396,0
35.87696298664709,521.2082973200958,0
64.65648768921554,526.141774401775,0
47.74223699513465,471.31499980307103,0
50.67528204687924,498.78227038695087,0
35.75251813786544,607.1135179305932,0
44.556172754748175,586.3771585050356,0
51.10922589709866,521.8161834837016,0
38.490064225776976,501.90017390841,0
53.75698018345672,506.0015663359131,0
43.99361310081195,530.6758986365209,0
47.083062502067236,448.8603717400797,0
43.98293387770603,487.13117312883276,0
68.52278184508938,416.57079630612054,0
49.86502775262066,519.9611561302639,0
39.422890710440996,532.3597969851371,0
58.225449121031886,475.8406768850313,0
37.791563500289776,578.6993381645017,0
52.08863595004755,438.7117168498829,0
30.403298761202244,426.78125598950896,0
36.71813951101569,511.2225909279986,0
51.96861235869123,552.3549151306078,0
57.38466579995411,584.1963845728934,0
51.7136828118997,477.055786856553,0
48.843517176117594,553.9340416715647,0
46.98896304410711,498.07457652496464,0
35.214780096325725,491.368635002959,0
42.801557916052914,544.1829968743336,0
45.393612290402125,532.616143920671,0
60.57122226218915,421.1803921507875,0
53.43618289568462,573.8270174862948,0
32.36959844637266,569.0045677073725,0
53.24083969394795,468.7218649245235,0
46.149177195836835,519.7901766718704,0
43.23077999694041,524.701509314137,0
56.11676288840868,513.0336882911954,0
60.30999522495951,472.484742307729,0
59.31280119116199,466.41883160309743,0
41.607824767773614,498.72229645042773,0
46.907876241487855,558.6364509629682,0
53.31263431403564,527.1800077297216,0
59.75545127122359,481.4692833956947,0
45.2082576215471,538.5849355324173,0
48.14341023336183,357.5728689684962,0
38.93665025993972,557.4382850186051,0
38.037933759193294,413.014311061095,0
58.125258223941984,481.8779529298434,0
63.56240028570823,444.0165052686928,0
49.27989878419666,435.2659262139547,0
60.03532897892024,558.041339368926,0
53.61636025047634,476.6149399344054,0
43.54880245394876,517.3251940865358,0
53.61395605508414,497.6539710560408,0
65.38036566465969,523.8520413611561,0
49.64173960890049,503.8410945530128,0
65.64643655814007,435.8503887905715,0
23.802548959102555,549.813340972357,0
58.21902504375224,475.3121708419344,0
50.870470682381715,422.1709050670124,0
47.009926495341325,478.59424195170436,0
50.91760776535502,575.0379895317155,0
30.124310853991073,542.5110871056746,0
47.80328112162488,482.567393279607,0
53.57112571511746,482.53711478407854,0
64.77894044741517,483.9182474391309,0
44.81729781726352,603.837399178042,0
41.91506397106812,519.0967726115776,0
44.982429564154636,521.5020823595535,0
59.15402117702074,551.5141727015921,0
53.287511096596845,511.93945795132566,0
44.70239796232961,487.04789270896487,0
55.13267433113356,490.1825075457511,0
50.9707754934804,496.4199370292968,0
59.68644990532889,498.13888817450794,0
42.979469061226474,536.381477181849,0
46.723378534022316,502.59729429036497,0
46.078918468678424,536.6320038607789,0
35.364850518678814,495.9641709945709,0
52.96120277064576,503.9317595158045,0
52.610552721798896,400.0899657733946,0
50.05113456642461,545.8163837351241,0
47.65412866624853,517.3244237948996,0
35.84629257949586,549.9005054929826,0
45.79354677234641,355.18723109031555,0
46.572854834732304,604.4187352390363,0
41.97722730778381,493.02051859224133,0
48.387142883339905,555.4091408368758,0
54.040508568145384,448.0047036437235,0
68.8618590121053,530.6386952531285,0
51.74577812831839,447.3292218413172,0
52.57550390722764,468.81155196520973,0
49.25554084233833,595.7015676933393,0
30.812287847009586,490.4658799618327,0
49.73486124550783,510.87164365898616,0
50.60230209941027,543.5033865344377,0
74.63242112485287,524.7840943986303,0
48.076390352188774,507.5209452571788,0
53.015473423336125,518.2480501233113,0
49.65288230294757,620.1707792619137,0
38.31321962380468,497.1190601483207,0
61.42822814515021,510.0549523357484,0
57.519330326867745,552.5327198003806,0
57.910319470430466,555.2762966478992,0
40.906125452052606,559.351515278019,0
64.02794310936099,531.9365111014592,0
35.98148937207719,442.8497543634758,0
55.868570938002705,581.6715766150548,0
71.90455625809979,442.6827303490656,0
40.09463674869312,515.1317732619517,0
44.33702270397228,462.2862074990321,0
50.99651365087641,496.7930826703504,0
44.96524345883801,516.438120515174,0
34.493365689338674,516.0678607725137,0
50.68562974806027,521.0960377117642,0
39.37696286273895,580.6855634529323,0
54.73592430635182,522.676715075699,0
40.80575765766197,487.79216823546756,0
65.4993440501754,548.2043584144178,0
42.16746707663763,559.473524446232,0
46.77938483794324,438.61960924315036,0
58.135172173696695,529.8700034924929,0
37.69135683566045,535.0586371155449,0
52.27459934604129,485.1218248320004,0
63.07142754282428,568.785340665581,0
33.92516765438772,492.4972206483737,0
51.84633858532304,506.2788226735771,0
52.598827942484235,491.34640878580655,0
57.8182287177731,500.77895237907336,0
37.63049289121918,445.18624565523993,0
36.795433869157236,427.9974558702853,0
55.21941565616898,579.7252531612486,0
52.96984673233186,457.6519325840836,0
52.504928503458764,450.43038252718463,0
53.46448209496975,392.33049431981425,0
43.19975278421509,468.0519126155249,0
52.322536971610035,433.8455103296251,0
52.93072473298681,582.1007580068184,0
42.85648581973632,550.4908544671317,0
68.65774511144757,465.5924827411138,0
54.73832920911788,612.6217902672154,0
38.08696502797351,549.0882743495797,0
56.5655360863383,483.7584308245689,0
40.253183297726785,375.0297142563213,0
57.87084603742452,614.547128629537,0
61.58595579007404,430.5213766618202,0
41.7931768164829,417.7300626521554,0
59.63376129244322,551.128521600482,0
54.12780926936498,621.9876203169637,0
58.2206015999449,569.2136409255259,0
68.96792982653947,528.195456002618,0
47.54611883997129,529.7377170832643,0
42.4626383564251,542.6707779390154,0
41.10485570374477,537.9464294893382,0
41.841897150345616,514.0595711984688,0
49.228982905858956,505.2100551975938,0
53.41151974816644,496.8703436050239,0
52.766907993300194,462.30177055666616,0
58.27183249036024,485.96624615666127,0
50.13001891877907,415.3521592902307,0
64.53534077157317,495.0830186602625,0
47.35343166762044,450.5704446424541,0
77.20169166589619,444.8205341392115,0
56.25667347765006,508.9947075576739,0
41.42842443583717,569.60011431723,0
39.29107501938888,545.9158303001157,0
54.824724152431855,421.47496981884115,0
47.76537214674149,450.51859317148313,0
57.14000494092092,547.0385593994108,0
54.73237624573545,450.8756303230845,0
49.271710873431275,488.7683425001488,0
41.532062819315954,527.5026049512276,0
34.851527753141355,451.58277725681825,0
45.53485047932979,505.268775307298,0
58.56398794323472,433.2987252540898,0
52.14093744130204,469.9316178024393,0
37.542612212880115,515.9890967071268,0
51.73180925851182,420.3503133234165,0
53.85317379728837,522.0237368980199,0
41.16142563798867,499.01811005366596,0
51.53725105945528,527.6244977208573,0
50.58208718446,511.1957067032331,0
38.57029702169377,568.2070214986923,0
53.577873603482836,506.26122513239534,0
55.60784526368234,478.52972294373734,0
60.830512431752766,506.11487515161417,0
60.53802052034903,527.1649014518194,0
36.22330632042909,502.4430035162852,0
40.62174960084877,502.0295845601941,0
55.1503526720866,464.9004156096622,0
55.13785950912209,466.85495412245257,0
55.150476863060476,429.8697364100153,0
88.52731490654722,587.478837159347,0
55.70890510693167,437.80683823043574,0
61.35565640180599,465.3547401102046,0
59.54001763493203,464.0796367215401,0
56.51391251305798,544.746218847222,0
46.84730755359654,485.2525160853986,0
57.589692204932675,562.3871036336867,0
42.27174785462428,466.3254687878066,0
47.63181393259991,513.9497081111901,0
45.14636452170897,458.2326473370121,0
50.81874139386323,607.2574563886694,0
73.14658566673509,440.62007904852436,0
31.32734807408252,515.4910355113514,0
56.86260190374514,531.6888440466049,0
33.87284128810349,520.689954872575,0
45.280681342105666,490.73561705611456,0
60.889505969673664,493.5089650133287,0
50.64280019095463,502.1905735989555,0
39.22255222070694,492.64989991857556,0
42.84696290740032,548.1939558397455,0
56.79597748934676,610.5261500795675,0
42.69633368282864,472.1254107496083,0
52.16458589581975,431.5098510210461,0
50.45571839903814,495.58589758243727,0
43.483996523941826,628.985466882716,0
71.43944089325325,459.81627160151345,0
56.33919022318011,581.9558402722034,0
29.74857413342393,583.885040703822,0
51.86454314769428,472.32058791460025,0
43.38213535231612,528.4491539592638,0
58.52433334796224,581.4198311564269,0
42.07479261567299,481.04361295062563,0
48.85263558533101,489.8209819948819,0
55.049872789804574,470.9159543025678,0
58.657551941701215,449.26216346535665,0
37.997035929442234,467.5361227466997,0
46.654987641590516,438.8029866618872,0
45.25054688839044,501.7041734129613,0
43.46670767426288,461.5013384470679,0
67.65454240281096,511.6892955895374,0
54.049817109609556,422.20521768981865,0
37.391160456649544,516.5440116107228,0
59.17861947054776,541.6764480804462,0
71.22156197012633,400.31321787142724,0
60.32465260551147,518.7028284923786,0
34.80630034045987,561.3834496236647,0
45.15765927133749,439.5179490654397,0
62.669111491866225,583.6286193418852,0
42.92330534381219,520.9509504683023,0
54.43819428146229,464.7494072120796,0
57.74634053429337,497.2115461171147,0
40.730695284219166,527.9163456260861,0
49.404746439382,503.80026957062057,0
17.58732659930927,526.9377996223185,0
39.756123586657104,453.9663203460317,0
47.4743184860684,508.4680412018039,0
37.52216818035151,429.314275154751,0
66.32411303931636,494.438696932565,0
35.69858622039367,454.8046179267605,0
45.599555133030165,463.22350287051165,0
51.30740577286091,561.8046587605219,0
64.41273289066116,554.5655060297134,0
35.6413784882056,530.4569060453589,0
61.63163752154959,445.38436176637106,0
50.10233061019587,484.1795775152599,0
40.18491348952049,560.6548849989591,0
54.62103474263271,507.08584568199524,0
51.9905969557347,615.9664769990848,0
43.99783122841205,519.6658919697186,0
50.69802084990019,509.6024558245016,0
46.1468640313824,484.54417678987494,0
51.13517345251248,506.67704523911414,0
56.62130674521047,492.3765081809728,0
65.86016816145352,535.4054338344296,0
37.62184501173151,547.8351158397292,0
71.33033374656267,460.70052697460255,0
30.479122004774982,433.4383523221111,0
48.482149049644164,408.1897313448352,0
55.883172064845766,525.3995663456271,0
52.809918677350325,444.83166969130633,0
43.77300480179406,392.35547035237585,0
47.918777496427246,519.4289302265482,0
45.06999065341167,624.6499758716395,0
44.106352430557884,499.6964544230053,0
58.496020970210246,541.924538722582,0
53.57015485965047,504.09146792737823,0
43.070904047393455,495.05551734044286,0
58.995998754332504,545.9538241493884,0
53.072995208766095,485.48627279056745,0
58.1286211883896,513.3696157035952,0
56.29628841923612,516.0848903098007,0
41.710049890779274,466.59547731784755,0
44.39818959803031,549.6021174768262,0
57.472936051232615,491.2520121652296,0
56.10370265433465,462.2127420253578,0
49.79098406035852,526.8254921785202,0
51.17327383308782,455.0766009104481,0
62.77664895788425,501.4090578684564,0
44.0842861116417,499.5440501677898,0
55.470973811700375,554.294778291579,0
47.97807347566106,523.7349116439976,0
47.8231879677278,498.7486520627428,0
60.9877685198719,540.8883149600143,0
58.2541634898803,569.5103774508657,0
58.135096360006386,527.8905153175931,0
63.05478807154329,500.517630992169,0
50.21003841632759,434.408188382492,0
56.81952971294964,446.74431684623136,0
46.89733243406544,484.7387647822666,0
53.24166352488442,469.52438989203586,0
48.698569456323156,490.6514348507277,0
50.96995964992718,502.83249624485535,0
55.95157025436914,526.4846377178366,0
41.81779316766527,496.47506109704545,0
70.9238727568546,524.3250821913101,0
39.93982618500298,503.223720740506,0
37.85811387212268,401.22667168230646,0
61.581108735000676,453.0332303090623,0
57.91662693962936,492.7956222139192,0
56.24119817052155,439.5152628579446,0
56.2834550926428,529.9964364998102,0
49.87753227153085,576.5375416171848,0
41.02745628514168,560.9380925848658,0
50.75804558193726,489.3278564534896,0
43.22838288487888,574.5363068424977,0
59.75119733417751,507.4333728601056,0
48.52942618497861,483.14570144409805,0
41.745028032074885,469.329866822953,0
46.78614158347007,484.87651567559357,0
54.12931454275624,480.5911590729386,0
44.36275447196025,508.52081111877436,0
41.77779604433569,508.0286990524932,0
52.436872114919126,500.1523010076707,0
52.44966571108723,521.8469084873175,0
44.9305682462887,559.532313739317,0
45.289616943816775,547.4777067720662,0
52.32049937357636,425.75510157750483,0
35.51915658502676,372.30394325490226,0
35.92536225623445,546.7159955619637,0
42.81555778747564,431.65606507922894,0
47.86552848288153,488.7617299053658,0
53.10907565598005,441.494348697032,0
64.75356216949552,409.900978120999,0
58.576596232020194,527.0731364102394,0
48.40061470036573,537.9577580151323,0
49.80983792097311,471.174479963664,0
39.97470635362191,370.44788539275453,0
49.8148686400761,472.6877775873759,0
47.11341361079862,519.5902002701273,0
53.227185603380896,426.05442156129357,0
41.727690564476774,509.1679959889578,0
55.193465142411725,499.23450754135024,0
65.32738913002578,528.9645749800544,0
48.91239851543143,505.9790184207077,0
54.01711722098941,451.3465529559222,0
56.90143991711113,559.8285750832246,0
45.987795281141636,492.0735213486515,0
52.24092481810417,498.63477302450343,0
50.12592400781795,453.3366020463402,0
50.97676098548832,477.8358874404245,0
42.26990216144534,455.759864298655,0
50.245101742589426,491.35269700382884,0
54.979982912454496,585.5854240071171,0
64.51143607795042,431.4049428534322,0
59.59270826085207,419.32193010616294,0
71.53182457511556,573.5585163746804,0
42.326524371119504,489.5338161424067,0
58.723206367206785,466.54636306700417,0
51.83342005738352,551.9952343698038,0
71.89802933217672,469.7192230131568,0
41.91701714644849,591.3004856773468,0
41.602781578192236,533.8962935669634,0
44.00607354555978,475.60442959271484,0
28.76104275690193,607.8654106632752,0
44.74244978319239,469.7142538498331,0
42.40867338446302,537.1047686004654,0
51.50393786476208,514.9646290203247,0
53.41755975777159,565.08706446994,0
68.76170839215887,578.0755598363427,0
59.5042383818605,501.6002074532883,0
44.23096344337597,462.3291064826908,0
41.01585328651642,522.9986071469558,0
54.919191715065054,466.11423151239467,0
36.797667929793576,600.6693623763312,0
68.31458765854353,506.8267665541369,0
61.79440120721287,481.7339224343946,0
45.30824347895295,509.2340152932454,0
32.868654709091224,432.64368552351516,0
63.538723741654124,451.4192980744674,0
48.85460154747382,560.0206953972213,0
62.378163119734616,467.1552860514302,0
34.05572341205633,447.654450865903,0
44.00624977046227,526.8326376263643,0
50.05243699718183,559.2852077331498,0
50.46980593764742,535.9476655332534,0
45.49934528520756,549.8023842902908,0
56.228499323474985,462.16024557152696,0
39.32379570617405,428.9094666629078,0
48.576205149787064,575.0666825977744,0
51.20295631711899,483.8660080578932,0
55.14438834058749,487.4583491772476,0
57.1161487808889,566.4097070924529,0
38.75357908162131,527.811500470033,0
34.65885829264378,522.7943886040804,0
62.77676821898509,608.2501172450542,0
53.323140119795916,467.8240884809928,0
42.51513463443446,546.3920064040618,0
65.51151975522524,502.85065624485424,0
51.156746342928585,513.4296139431628,0
61.792971840638266,576.4234213206266,0
50.67518481410109,525.3917878144812,0
70.60747924881987,526.9148039524816,0
67.55340842443204,553.6253668654902,0
47.51035851520926,481.7523635228557,0
59.71570950954356,458.0395166330497,0
56.45375949585147,447.7595402989483,0
63.68631557532349,401.6821705311999,0
40.35076539419896,602.8103564970161,0
56.86051459998439,444.83958171391583,0
60.58424486849588,488.9373188207114,0
32.41260513576886,486.15933500555394,0
38.16741487334225,515.3703348904551,0
29.607678222398995,540.7868606269649,0
47.305931655554424,543.0236744179873,0
57.17542255795962,470.8461280715531,0
65.02357052096028,491.6439143106794,0
50.74094780419775,514.128997524415,0
66.28615545571292,487.56544369082263,0
36.198985417851084,580.3672788009997,0
32.96617560644845,524.5487475819126,0
49.44452301103381,536.7438893024909,0
53.840654489393074,533.1440634333707,0
49.67305251905907,558.6736928742663,0
29.325578999601234,509.05107793518533,0
49.10879960487212,435.1584026022077,0
36.95530499495147,519.9843975876321,0
56.69672548830039,467.4321553104086,0
53.66598246096848,473.5691659125122,0
40.60120213672645,529.3182009377547,0
44.861330826633065,561.9141535716818,0
39.40786478111048,501.06357883680306,0
49.37320902726828,515.4416506299482,0
59.551423205012384,585.1107472317619,0
40.14273953664456,512.0376589744284,0
55.040465155178445,630.0841557090198,0
44.69742381627559,528.2754822815772,0
42.07127167737656,411.96186204220913,0
48.929696400454425,537.6670810552266,0
39.64757677580626,519.0579192441389,0
44.46350694652818,564.4876377041373,0
38.021221074111516,533.659067563498,0
69.6472513291639,493.0772008008113,0
50.35263551971729,438.7850881855317,0
43.00274492007414,489.54883713569876,0
52.13979910734222,457.473977289535,0
48.8767195030917,470.97382750976385,0
47.79030400466777,529.4289202210305,0
56.14166700043425,583.4952252175704,0
57.57507710047305,519.733576491149,0
44.69498852389472,440.2058468982408,0
44.2418175935532,522.230133411007,0
47.24948302848356,559.8315743322826,0
26.98078835264415,469.51085478403087,0
34.84808937801448,493.2991416663541,0
63.66874267444525,500.73440973645984,0
66.44967713501283,460.755084345888,0
47.50963960443622,532.4140216921929,0
55.765569630557664,493.95259256961094,0
53.112501545435364,520.9766221953514,0
80.78880808455239,455.62539110989496,0
61.195749114345766,478.1270849838295,0
48.72082408519233,536.1190678913886,0
40.44459559399574,481.3583423954116,0
33.93553679742428,586.3481925616702,0
52.03463635867223,480.0181907192699,0
42.436492547156966,511.2342362875943,0
35.77746290402326,546.6295415936545,0
43.534271157574736,429.0817133533484,0
39.18451996385605,411.9595594009612,0
66.87141635072564,423.7171842714953,0
58.816397569494505,563.1292051713591,0
49.92027358683383,472.40709270537764,0
64.79944138890026,627.9099642834126,0
50.77368307647618,471.78762006713055,0
41.38715798671736,509.22756515985185,0
65.23124077269657,577.1054976283938,0
55.38910043684659,600.3046444079562,0
39.62753845673544,603.0751788318199,0
48.09661321916392,560.4183115296571,0
41.24381746615243,551.2031262905731,0
36.172002690356635,529.6263474600592,0
59.26177547531641,538.9180538083319,0
69.0941664047013,472.44071418357333,0
36.01432426180859,459.09005582888466,0
55.62969236690571,499.8312771294524,0
43.49357430878173,491.49076887375355,0
45.12874616235304,477.33859753363623,0
44.07606075761131,534.8193723728358,0
41.36009230320184,547.7652604285255,0
50.48521627944827,504.42034431459234,0
41.69049883588962,573.876504052763,0
52.704568257798385,442.91554429332473,0
49.49761890550863,490.3170270360141,0
47.6105195313359,464.15888396985974,0
40.92436337958402,406.673169146347,0
44.23228669431667,495.86596570786503,0
57.55391225825756,493.9126245808358,0
55.009171876243805,575.6724871621066,0
40.22444755201449,531.5405842277389,0
50.99332305429226,448.79065878353975,0
57.51387123371789,592.7046283167094,0
33.305947188786284,561.0516847762676,0
55.43360192379935,529.1048851734308,0
43.37376241054153,488.6757950575084,0
55.70598668593159,452.028038163826,0
42.367408434574834,481.3896611964474,0
31.95117899335481,554.4374309852093,0
33.72457562116837,594.2293152967304,0
50.48084946661382,577.1621764136095,0
52.59722501721482,475.5575289106863,0
40.956833748955916,444.01912833554945,0
56.38592458777374,507.0443123455602,0
33.3847993773104,411.5780317218574,0
49.33920201352684,516.158385709239,0
37.889838002375434,492.6198706850666,0
43.48163892197841,476.6981749065879,0
50.47398671316414,420.2648466366602,0
41.39586634716048,525.6800053284858,0
46.154444557701744,473.36495801690444,0
60.0629280921444,441.5041582144856,0
44.23108130476851,356.38688933591754,0
58.35692112065142,498.62425474746817,0
38.702931453423815,588.6125798334872,0
55.298041779152825,583.0629607273935,0
64.41568620657901,477.1451871706864,0
25.283554998727105,469.889396981911,0
42.03104744529523,523.4387128037512,0
55.7707212718054,450.0807280405854,0
47.96954613957007,515.0895949909733,0
53.71145873371309,538.3040139192345,0
43.960148132841795,561.3466611942154,0
50.865897874729,494.99229617600236,0
48.44322764607921,489.81631249115173,0
61.67782061659807,456.1008706621719,0
52.54420843301213,458.655982298007,0
53.37602662075202,488.67605540492366,0
45.881230338775325,518.3682753408089,0
45.123937759275066,545.6792313116624,0
45.67441812180379,459.8410524659828,0
53.944521423782966,574.6344284479761,0
45.79015519179737,486.4438199478716,0
52.89774856896413,498.9316352825782,0
70.75400798645438,462.63941604260884,0
58.711247034316926,378.7879869863529,0
46.73976467832159,544.2022698180525,0
62.012139221639444,536.8421948546217,0
45.91924626978449,485.9336221440893,0
29.61875464822146,503.3495358612436,0
39.91913689082596,525.796960885205,0
31.292080789741444,421.87270715567286,0
46.48486515958692,473.5473661326853,0
50.184183791895514,539.7132339810913,0
66.76437312275283,437.28552884153754,0
53.269273737641626,514.6778966083315,0
47.80899471191136,432.17090976882974,0
58.294055811834895,523.3214991216763,0
27.88864690992115,498.2179258851258,0
52.356145581085656,419.2434092047245,0
57.708651938869664,558.2369677228586,0
35.214137542201584,463.27042116009756,0
61.43754043206929,459.48737814928097,0
53.38496407494414,510.02845986154716,0
45.847120860991986,557.4318674714358,0
56.32781866106285,449.2089090510801,0
72.70692857804396,503.0839924923986,0
51.81866255058495,521.4408250165286,0
52.48220586300336,534.6552803631572,0
45.40639100459756,508.8220777638613,0
41.50155630535208,481.6486080458339,0
58.303358165442454,458.62048896756403,0
41.43916174091133,504.30719415231874,0
50.715662372193925,446.39304940071963,0
45.223425532348834,353.93247582526965,0
54.78979825746392,521.8279902078834,0
53.33662105286948,545.1967420543098,0
60.375399442578995,381.8533782229081,0
44.89983601145253,449.5134647645031,0
47.30125064706629,530.9577130502599,0
40.21236284217693,602.8747734855849,0
45.55706739923888,501.0396853837704,0
53.77300493044852,463.5998529385433,0
57.56988616645352,490.855177944758,0
40.77834675822375,568.7438209574093,0
58.6960592010566,467.70179104377326,0
63.55637858804951,460.04039966748735,0
54.13434903223701,475.86282389089837,0
68.76795812558066,452.3335695870644,0
42.26210800896427,506.13351579973977,0
37.55345296688583,581.2339229234781,0
32.212797510957216,516.1539636558015,0
64.96044311489183,487.3823248936856,0
56.54365656354058,485.4094365542228,0
49.44415329089545,421.8404595651672,0
52.799686263198204,544.1554888573579,0
38.74510952701623,496.1081401493599,0
74.45751979616827,490.97600432046875,0
51.292211819752275,659.655378392243,0
51.09394794604893,514.9376454182843,0
57.25766623898692,462.41044749524076,0
54.810092317367136,478.6821201897228,0
52.23884024279131,557.4222854598378,0
42.09525544554688,505.66352052688825,0
54.714683571359956,428.08610108413166,0
68.82024496475034,545.9614467287602,0
63.454200461549775,466.5927957230503,0
65.93186626639397,593.6648888108773,0
44.88784323568815,554.0024032857324,0
40.10395179741419,477.6339052170624,0
48.74213079900352,564.0508180867556,0
50.557249122886944,503.39277552637014,0
60.94191518470949,542.6386837561109,0
33.07535370285181,524.2366408647238,0
65.29550319460614,457.6821672504563,0
48.419921014210104,467.8225083841269,0
45.7311893005258,551.4980408790581,0
39.87895624739832,483.26123339467296,0
33.451433281342304,479.81757683790016,0
58.231705839619146,452.24387103253235,0
50.73317967188404,521.1799532796731,0
37.10039100258946,603.1262459621572,0
37.04921227936384,446.62335428728636,0
46.64215300709872,501.2109728336379,0
66.69021525289392,570.6110277707714,0
47.40408648636395,496.01793043771426,0
34.96857046881894,522.6185898124867,0
47.54256935914056,446.880323592656,0
47.27276430252329,521.4153548603824,0
23.031133570584284,490.64278674977254,0
49.45705133482188,549.2864997839931,0
47.69065469791322,559.3693025782376,0
56.96206364813418,629.4781821009307,0
68.48956094945345,528.9816586606788,0
61.26565029547757,516.2898158291083,0
47.31111309445169,509.7192150788668,0
38.934740912583294,482.3416853594656,0
75.7335980324986,516.9241921730845,0
50.59218434014488,485.22992949304853,0
50.13929291912946,508.4230488134807,0
49.758749128899964,565.879876780398,0
51.98084760767855,449.67287173601795,0
48.556395880760576,556.9939280564523,0
44.26337993119763,565.8557533669932,0
44.53141058759608,494.0965736504461,0
49.672467297840015,393.90725504957027,0
44.56575228866235,469.60890064527837,0
42.871542173228356,564.8497273280555,0
51.064302276918966,498.8565968850559,0
47.450227825791444,450.0348883852545,0
65.0399298858269,474.7612539385891,0
23.490301916069882,542.0310013252276,0
60.91506851922462,527.336678410069,0
62.46085192497629,488.0533950415153,0
29.266097675918505,481.6587794092656,0
46.573124059196516,480.4120925478089,0
46.28559134004209,453.8794907750749,0
35.924883052821784,580.7687844734721,0
42.22183312409125,483.883976539433,0
38.894241545341714,560.8579260412748,0
67.52270443423623,576.0658025961226,0
59.35678393147461,549.915544907398,0
62.71555094994159,478.4189843640976,0
57.21672064043235,520.1865045168305,0
38.70948228782771,498.7902196804542,0
44.75479733720226,454.81490696349357,0
54.89374561227918,516.2179640860802,0
37.778721911080545,441.04801044200985,0
57.12998430172388,559.3839694230782,0
47.59674601841865,476.7691351350803,0
46.251791924504026,510.05798279364194,0
57.10959968203491,514.1643935773071,0
54.4426331148604,487.05475131479614,0
46.3903383418092,529.3346900737637,0
61.59329803364248,476.2548171688738,0
39.189366724001026,543.5648648728622,0
56.15935606944264,432.7010159876626,0
55.93101257968384,506.31897897732057,0
46.904535606860094,596.9464499529142,0
53.26133022242118,449.9834337697213,0
37.488864236146966,466.11275147375744,0
59.24027019206901,525.6953924829457,0
48.15097863557011,508.9790890969799,0
44.772769794809605,517.531504963678,0
60.49009225836889,524.4593565073832,0
42.95656309457241,531.7360734280885,0
35.91538703636441,555.4849920978112,0
34.433708264760966,520.4909328464256,0
56.06009951345639,487.93711726907287,0
37.19570647503717,533.6286850601366,0
67.54794181984364,594.9940967447608,0
29.18070592116278,493.3683126808713,0
66.96456368290038,451.27353476646795,0
52.11017467202618,555.3540334643486,0
49.032868881296075,493.9809418023201,0
44.550809131910505,391.3665226992982,0
53.991361143520706,542.3710838575211,0
49.62365297575152,473.23359070230384,0
61.03301882016521,495.47333588479194,0
51.142276486620396,516.5990165284508,0
51.50301761461878,509.5249839889533,0
46.36387787786144,535.472590856952,0
49.43054376278933,478.2256814715078,0
53.07801768892059,525.6552899088041,0
32.89831607343375,487.02266612080416,0
36.518145778942866,536.9405240443751,0
57.43264094022715,530.7683742006527,0
51.708654381279416,453.22806489777025,0
48.16016663647321,554.2991058087516,0
50.184339330653934,473.2018277442976,0
53.47581705361671,540.4028899140573,0
44.60240319690639,518.3643656700671,0
42.216952745976876,591.9091838397561,0
51.958452550976816,488.8267008814074,0
40.21627222384968,482.53416019409013,0
54.082527557144715,499.0290197056134,0
32.9741639576216,484.8410108582862,0
60.29155637325644,539.9970950971025,0
54.72597482413043,419.1844695781706,0
52.56029734313876,447.3158790426823,0
59.82690983945514,446.6098539210403,0
66.65474444462576,547.5153795986788,0
60.1437006501813,585.5306686290962,0
31.591257686683548,494.77753907312643,0
37.204230332642986,491.5589138404995,0
43.75181422304321,503.50260815565906,0
50.26091050210834,558.0939151304095,0
55.17659020469123,453.6323432904713,0
42.742561868465344,511.91844913673924,0
51.86766764477078,548.7598814891215,0
42.44617067646678,525.0547084969922,0
43.884821970080516,509.4790808299372,0
35.93338903151778,550.0523046283571,0
40.76766753889096,364.83838535003815,0
36.48315394383666,533.8937659765454,0
40.241267470226674,467.29621584362883,0
60.536417966078396,408.46835515717714,0
40.50601111168057,525.5601299762491,0
76.32382064837391,568.6829272581479,0
54.93317900880889,493.12757426861543,0
51.84836123694874,547.643727360147,0
41.41642219818787,580.6139128994323,0
57.003098794089915,565.7457226792023,0
44.24362173762226,581.9982264685697,0
51.220098146453616,537.1063745535946,0
75.60084538268795,503.77168194507965,0
49.0394010027535,419.90170940514156,0
61.49273326285676,487.69687559350257,0
42.96823574874112,457.8376702341904,0
49.65011509503038,608.5471358748907,0
67.7080063563551,491.2057093783832,0
43.730329422122324,506.1602403392243,0
68.12448557996929,527.5742688020234,0
57.07751935455475,502.1801223186227,0
44.37533224105732,584.7525520215377,0
56.32407739055521,468.8675319132774,0
59.7255444962673,509.73037276186216,0
56.21809962217196,462.8764707150976,0
34.297752801095434,433.9988744389647,0
42.728628241751316,469.41154545473574,0
47.52481364448495,498.1481601475794,0
49.25566570899954,478.534888774137,0
56.206720975506784,465.3789510063072,0
51.777010009332535,429.6841268164083,0
36.64655641289899,495.8447213685653,0
53.801978510059634,424.7639812984499,0
56.10585745283823,538.0027981844801,0
55.5979044793104,504.1219876467252,0
60.807807255546216,427.1224250267535,0
58.33922154548904,484.5395461475068,0
54.59180079228437,462.39217972047084,0
49.29834288541353,515.958725520959,0
33.39039066484008,567.0225223011572,0
54.296182191325855,406.24137651771275,0
52.076876871631114,505.75130395737085,0
52.715788371953735,491.99336022166796,0
37.232514241796906,533.5670038225232,0
39.189434595917376,510.65983141188445,0
60.53152853332904,462.40153341305904,0
49.60444846143345,484.0473032166691,0
56.81500697372624,460.1987071598255,0
50.28318376130461,553.8003569299299,0
50.297561394957455,501.0655824335971,0
59.382838059759976,595.0595342876504,0
44.83955271782626,496.966959309269,0
50.96120776940983,464.57966165447687,0
45.377247112949576,424.31428036935864,0
45.65503772567684,409.84301618720275,0
46.908278765313604,420.7932028497255,0
52.22133771633713,513.3563325505742,0
45.212513783365225,525.4362511614967,0
62.55756125573521,420.9404648983933,0
41.05392697780496,544.7519157038058,0
48.13128355838641,475.846947415828,0
45.60268941725825,507.3396505992775,0
64.46977884353733,580.6110314127712,0
51.965547765115744,544.8419657932766,0
60.31844539468635,486.5734676047084,0
35.14439626963028,455.4403887292356,0
52.67050265869259,392.4092299335348,0
58.89630795623437,464.042334037879,0
50.82283989275424,489.4434880586153,0
60.654803750653514,450.6410236424408,0
44.82711549899628,493.43715164538474,0
64.0934744018558,503.8425941479384,0
72.9889812361925,488.75720090959607,0
46.37161439560341,467.499870958827,0
45.54497478599228,508.43273359833637,0
64.533844771177,522.0970324784705,0
65.79572145730712,445.4800461278577,0
44.771399728467316,570.5466189873135,0
45.798131829041424,495.07059338578694,0
47.18215391139493,500.9424811472424,0
36.555494889657226,535.4107211628278,0
40.81348053515802,511.6608065631751,0
39.95859233247932,547.6568316956623,0
42.32202434895871,514.3562082600912,0
49.65315112613219,469.3781312679781,0
52.342147325365204,518.075176260305,0
65.50500492814076,442.81368963396693,0
40.016459592612094,505.42798528882616,0
59.843223984765835,498.33850046777695,0
47.86011155774491,489.59415713637304,0
49.50536290347567,493.57312442805346,0
56.74819492166604,405.90754772511804,0
38.772779784377015,472.5637546129519,0
53.82409746184051,504.64224505705573,0
51.66452208213056,507.99281959987,0
54.92451264008149,448.6162429537021,0
52.89168643907818,563.285392043235,0
74.55300139910895,456.691257589275,0
43.62260015748684,548.4728600263369,0
44.690030449981826,521.3597180935842,0
43.76859473575236,467.68863450780987,0
44.44522880839745,588.7655446304756,0
43.62612872693482,440.318158412176,0
61.89016531107552,545.9577086805001,0
64.20504247989855,550.0291159021489,0
44.29253706250524,466.46898954616773,0
41.67644426895771,569.6232650032165,0
54.71415556386404,487.49767427005236,0
44.477769557190285,514.4346814639929,0
56.32931817755511,513.0160919385611,0
52.029230208513,493.28456292647263,0
34.84255885002768,540.5404136579891,0
65.47505201330061,539.6744360276107,0
67.95877673095522,412.57340133809095,0
43.87211309515614,565.2170121439076,0
46.122984400640156,416.8754005982163,0
52.85865390724905,551.6273102170828,0
53.34456789987025,556.3352568413792,0
56.5854427267283,445.45167848924007,0
70.1020453876635,479.45928560227077,0
48.2305277250595,444.7147665757032,0
42.01702755461546,489.2539484855632,0
36.20680771985473,484.59828579071296,0
42.69069960058081,538.983026613467,0
49.66873027126203,565.5154373059804,0
67.94557863517788,569.7841905394978,0
44.823887009638284,471.8915986710849,0
52.237879516388986,489.53890631277363,0
49.83577103927248,415.8280903889525,0
61.88393273448084,459.7064966751906,0
75.26932425873622,548.2425816548729,0
44.69131227079679,580.7791411774116,0
45.10560557481778,438.2825564060039,0
60.44160877069072,470.3767870423553,0
56.81891489626312,498.67971215205364,0
68.46707325736034,514.0080579409804,0
55.839281853259635,459.5198240039177,0
46.40707909212941,521.2030522232045,0
55.90654830692309,476.3080326464542,0
61.087035805829075,499.27738645608605,0
58.204821811973645,527.3142124001849,0
55.07274031107298,500.3211134905469,0
60.666746895891535,478.1807054736716,0
61.692955904456724,494.51950980370844,0
63.82158991037527,495.58185203973323,0
56.48709887589643,481.4994485058936,0
48.328819196831454,487.0601968666449,0
51.46713686433323,579.9323585252358,0
62.06508966508357,528.045972397062,0
41.83064329012764,485.22598409854197,0
53.686733088729014,534.8477202255368,0
46.06661187672639,483.3090255121995,0
50.28744822934817,558.656231879332,0
62.78451862607299,518.4821096099047,0
51.910990680199035,494.63489279978853,0
50.46436548156149,522.3858462905139,0
36.40143859020081,421.45619239657503,0
57.46253566027221,443.6616265545097,0
56.45484181141075,440.30374968004725,0
71.6325472330546,507.14715473818535,0
46.92221765046999,586.6257499742546,0
52.19150327663939,611.5650073096316,0
52.49383683710755,531.9025550720379,0
65.77453279763475,525.0422237472228,0
49.047044676130476,409.94711329236304,0
52.790215257703395,472.8663100132989,0
56.078965097165394,460.61081240458805,0
51.86609123156358,468.9576200874442,0
45.535663854494715,491.5928090707605,0
51.94089992898308,476.3954711151436,0
60.73631749859772,401.03500948121064,0
39.7348470058894,537.3955128058767,0
51.32969674146876,446.36284871300967,0
42.99879185060827,511.9623432055575,0
61.950466289248425,603.7041334874987,0
34.76813095216225,454.03077042067883,0
44.410781527284115,373.4856238626835,0
53.772118750645205,485.69978890599447,0
65.65524029234341,555.0479817499286,0
49.34249738927012,597.9173727110297,0
44.44800473306802,438.52252027737916,0
68.8115706944059,524.8349611618261,0
35.51986099583756,476.73447716099736,0
28.011940433799182,494.7025822847932,0
54.40014450053332,632.2171673508517,0
44.97945775647389,424.85148358024236,0
39.787671828692865,512.6869830747287,0
57.08356447299353,523.3846585882717,0
52.43800713771199,554.2893162469674,0
44.359213692632714,504.8991576735448,0
37.19695601329106,515.4025269752051,0
58.724573282801444,480.4175716289104,0
56.50201177958661,513.4563470622554,0
49.00824136220617,482.84038622512946,0
68.46636996047665,531.0785944928025,0
39.29915233673847,481.5194831978183,0
34.74474829075261,518.8550196951094,0
43.080919301187556,498.5368593157511,0
49.54413983644502,556.3025125386084,0
52.43339449322692,497.4303138205757,0
47.5876394214367,411.3483765896559,0
53.520553965142966,563.0960750356996,0
37.48460575809556,454.71338495686905,0
64.4376460407326,467.311683067559,0
49.178488216074314,470.2169352978254,0
61.172958315881274,568.7219046585409,0
53.42725346377704,393.2162893010652,0
54.567532191537836,656.8874266829997,0
55.69767280232204,552.8028404533026,0
54.47708560017315,511.16194570645797,0
56.42722759867544,497.25529996918567,0
63.29152530132431,514.2777037428829,0
51.9652116970147,526.0561214189669,0
57.09003757588512,532.2607792975028,0
49.102643057127736,527.7802233001725,0
64.40117215449473,504.4790340627624,0
43.2360769794073,490.1330789846337,0
68.00940432910815,492.4363358173244,0
49.59842049355657,490.25458598236594,0
35.69224897881952,556.6885048433533,0
51.28104414910789,529.6778361140431,0
43.18948342525119,352.980568266786,0
58.406435489887244,532.795038826488,0
43.47376020697609,509.7368097359387,0
45.538165667852205,499.0645621777051,0
31.104592690544692,480.5740773455557,0
45.47693680750923,556.2056359993006,0
25.761206733710434,547.3763231061429,0
34.16097176514277,461.35611660881955,0
57.604146561442974,520.3526143562268,0
57.85800158650832,451.4171632729357,0
54.254575617849646,431.01909176055347,0
40.33023856870787,468.6641387705017,0
49.5228864385802,543.119673619138,0
49.963974609094315,547.6562522688043,0
38.416353108074574,525.6542710048647,0
65.0339830176715,536.2547893423998,0
58.77362290575671,525.8089143557479,0
47.79035826170336,467.92592023885237,0
50.26885838994531,521.5961272336971,0
52.08382807947552,540.0204762613841,0
29.582651315757094,537.7145664906787,0
47.52822617479403,559.4456685737322,0
43.180157520022014,535.4151923600532,0
39.983799901050844,517.5724103770791,0
47.18899707114045,553.5075119158214,0
67.97686526849523,498.673937037547,0
56.4084286126701,455.9062674386141,0
44.28821010217203,491.84665180281183,0
55.72582781356159,462.75486775967755,0
166.24108625128093,1082.5098264667636,1
192.77406646422412,913.28697842891,1
160.37900395000193,934.1883510924744,1
184.60192351804798,969.6273971223335,1
105.31926665231072,865.4129076526785,1
210.66468536864693,918.0742140278502,1
200.06027376811122,952.3779126455341,1
159.14556844659046,1087.4389180712728,1
232.96228342162027,1026.2561329001926,1
246.87850688132792,1019.3589911367544,1
119.62200678155129,1085.0897962167971,1
161.86376107168928,986.2628211600603,1
161.54288251063508,1039.046484992889,1
153.00484494455677,989.6778247067504,1
241.47374209658742,1026.536234939963,1
190.30869306135983,941.7241342388418,1
186.77425793446946,756.1182841723571,1
99.80688177966232,986.5720837813695,1
231.77090151046133,1142.274813609994,1
138.03708025732638,1092.6215402241592,1
202.9966315133164,1096.5397484591172,1
213.86884689790958,1123.6130721806219,1
268.03292979193253,1008.8657590961437,1
134.5589800440444,1019.7315707405595,1
49.024392208958744,938.234810456565,1
209.19247723768476,968.392714397295,1
290.0255590755427,1061.5771149771142,1
261.9473176469719,1120.3884437168817,1
210.4829707637313,986.0553724319001,1
175.41819071839763,954.9810735148588,1
240.35612983186553,1000.0527958856597,1
151.32269001477658,1060.1206748929114,1
223.81788846781097,855.6145183866458,1
225.27350795833135,770.3819046862761,1
253.01049537494399,944.9463150508417,1
337.9830019455539,877.9287574085841,1
219.62079835893834,949.185980235269,1
174.55181871462506,985.2219681182529,1
198.72128439040029,954.6751590976986,1
111.54620475554408,1145.2467534470745,1
165.2643434455471,1032.674476460232,1
179.5358780943448,1030.0474359610828,1
173.79558010327037,1062.2207144043402,1
207.6177436016861,886.1166882219231,1
158.87900338088997,1103.9111787420268,1
256.05153336622357,992.423571346454,1
200.01035324590987,1067.0480617241212,1
199.53498394306928,892.8142766959845,1
183.60526417435412,844.6241233983935,1
207.75953419294896,1081.7889658025028,1
